<?xml version="1.0" encoding="UTF-8"?>
<project-private xmlns="http://www.netbeans.org/ns/project-private/1">
    <editor-bookmarks xmlns="http://www.netbeans.org/ns/editor-bookmarks/2" lastBookmarkId="0"/>
    <open-files xmlns="http://www.netbeans.org/ns/projectui-open-files/2">
        <group>
            <file>file:/Users/danielalvarez/Desktop/My%20Programming%201%20Projects/ChangeMaker/ChangeMaker%20Output</file>
            <file>file:/Users/danielalvarez/Desktop/My%20Programming%201%20Projects/ChangeMaker/src/ChangeMakerTester.java</file>
            <file>file:/Users/danielalvarez/Desktop/My%20Programming%201%20Projects/ChangeMaker/src/ChangeMaker.java</file>
        </group>
    </open-files>
</project-private>
